,A,B,C,D
2000-01-01,0.27416997836605345,2.6342363446234125,-0.8018275004748996,0.19591905296420414
2000-01-02,-0.3112016453749286,2.2172798705009256,-0.7771338400740998,0.602644379102715
2000-01-03,-0.13720772255945157,0.3886416194817992,-0.21986900955505195,0.5907716927170484
2000-01-04,-1.0673402902301032,-0.5551380241584248,-0.18343665607988446,-0.10857526883732382
2000-01-05,-3.1037406793909144,-1.7876163011064206,-0.2038726729159806,0.3343573893438041
2000-01-06,-1.8308231421819154,-2.9021585090491353,-0.4834302900247206,-0.33698761745829864
2000-01-07,-2.7716070285787273,-2.331846339805628,-0.24685775823905814,0.4417556190275044
2000-01-08,-4.062581251298675,-2.457708210637072,-0.041090479591646356,0.19364504770799884
2000-01-09,-2.66094371729233,-3.359653298518956,0.7940818639234513,-0.2920098211164006
2000-01-10,-3.2151792932304155,-1.895570758170526,2.4504867290402164,-0.905196611672077
2000-01-11,-4.076076526123473,-0.7865496509406644,2.9421327481940454,-0.17098334123849024
2000-01-12,-4.710672774514178,0.3115911949379777,3.212258308588485,-1.1705767652783496
2000-01-13,-4.021520780570751,-0.1919451296345943,4.98310192944661,-1.5193512123110666
2000-01-14,-3.934457550667383,-0.536495618294113,5.582303785483077,-1.634317553839573
2000-01-15,-3.1036787037700906,-0.7211967472419332,7.004494081525408,-1.4895856514902994
2000-01-16,-2.5567475490074356,-1.3851060992011677,5.773994582320555,-0.935718096006749
2000-01-17,-3.189490072883226,-1.3636901499781324,5.523766701680404,-0.16950935762272512
2000-01-18,-2.8973182164446785,-3.7994913916297417,5.452253698727908,0.5543301533622086
2000-01-19,-2.9963150425323084,-3.5691280367847495,6.490737798782894,0.7575427760326294
2000-01-20,-3.0100120694544525,-3.145849847823004,7.026686946663377,1.9144829832970651
2000-01-21,-4.326707598783134,-4.187395755324132,6.37652943640491,4.684696006809002
2000-01-22,-5.253828345014581,-3.7830720427620066,5.20279280310101,3.8530781940910575
2000-01-23,-6.7748487849782855,-4.325918516135165,5.005589120019035,5.042173556737604
2000-01-24,-6.036025481556775,-4.782775414971754,4.603318157552321,4.8223853417316676
2000-01-25,-5.1501198199796905,-5.405174673115657,4.314881024220014,3.519764851494301
2000-01-26,-6.336812390116173,-3.88760772587851,5.7657959340025995,3.1085020495533118
2000-01-27,-5.764154182618992,-4.257202076798681,6.857489651511206,1.6482314799489106
2000-01-28,-4.862301399572221,-4.187367781784685,7.804362117464888,1.9126630591490859
2000-01-29,-3.820520740032485,-4.571995453622756,8.01968884621622,0.5718054361460632
2000-01-30,-3.8410027569266574,-4.388048646048569,7.511935766521664,0.3951156341515576
2000-01-31,-5.332212444861661,-3.330290174069883,7.505694226911125,-0.8114698830344056
2000-02-01,-5.437527468515689,-3.7105737302077477,7.542213745949606,-1.8628320932521667
2000-02-02,-3.7451092807166733,-3.5018182676141225,7.609097116456299,-1.5150133111016395
2000-02-03,-3.9568042257650977,-3.0787709413630693,8.777716923299629,-3.79831176187108
2000-02-04,-3.3532113276379465,-3.6812481252414155,8.870951044226212,-3.0837155022796816
2000-02-05,-2.577591902864114,-2.0250284206968674,9.08665955474867,-2.7230871180242824
2000-02-06,-3.0278740009955545,-4.5063961065562275,7.412040421727257,-3.667742037087931
2000-02-07,-1.5163267210628764,-3.0872020132241103,7.040087848059191,-4.669375721577497
2000-02-08,-4.00066992113949,-2.9369783603464947,6.785296663170924,-3.9097789915276246
2000-02-09,-4.247172132336262,-2.5936419443055683,6.0438756965594935,-4.405791985484345
2000-02-10,-5.864961311336042,-2.033349451215302,5.913303528834158,-4.5481540887969825
2000-02-11,-4.345042947514651,-2.719523859421514,6.339114574219304,-5.9049394376562
2000-02-12,-3.1443942550174895,-1.9243357647112354,7.608758823623164,-4.439552790092286
2000-02-13,-4.287826372993576,-4.121653089759474,7.008738592385991,-4.600625291391364
2000-02-14,-4.787133651705116,-4.010915651142629,5.870875933603771,-4.980050797298974
2000-02-15,-5.282822846970431,-4.206710379533571,4.549758060887012,-5.29307205179181
2000-02-16,-4.083883801271123,-2.839313762513903,3.0476735070434473,-6.460644861478575
2000-02-17,-4.6853412687252876,-2.657291178692264,3.276639273799721,-5.411586045436855
2000-02-18,-5.393978968390393,-0.9401721976846105,3.3519164913126773,-5.722604688387562
2000-02-19,-2.723470006667867,-1.1254060968348316,3.139921482722109,-4.447256486675606
2000-02-20,-4.238800555698,-1.6528888921641658,2.923103593176435,-4.843300428296987
2000-02-21,-3.2515803963184733,-2.960708532363992,3.1929062855048302,-4.401803020576221
2000-02-22,-3.4908782977008928,-3.1525827350858675,2.8011334886258235,-3.3421957785282137
2000-02-23,-2.497813082679268,-3.2859347190840134,1.7614983099188943,-4.009994886096992
2000-02-24,-1.452925050509652,-3.2875545746073387,1.8886969115475722,-5.850202317760381
2000-02-25,-0.0918687909078102,-1.9022238934750009,1.3088931061596116,-5.067067317204057
2000-02-26,0.79334113331867,-2.0624934847283334,1.3602694258721062,-4.926094286960619
2000-02-27,1.1531118555036155,-1.0994135965850491,1.125759189593936,-5.3903224698935865
2000-02-28,-0.06854034639727558,-1.7667703110598416,-0.27990166152775164,-5.894781464074963
2000-02-29,-0.24371861346413054,-0.569307059958089,1.1455581901084715,-6.643845026044847
2000-03-01,0.0714650992958552,-1.3423460336474908,0.765767569530963,-4.807363418739268
2000-03-02,0.21382843409729343,-0.021916934204473826,1.2358692188738165,-4.502965201623945
2000-03-03,-2.149715982185987,0.8323458858709692,1.539781884730822,-5.019464129750405
2000-03-04,-2.6666829754264065,1.786866041695266,1.2972596700588228,-5.574113814663576
2000-03-05,-0.12216972235479684,1.31229099086725,1.8589703826030437,-4.48439440023007
2000-03-06,0.8867625482376853,1.7593495661952194,0.6307354355244199,-3.788932661087242
2000-03-07,0.3586389691780133,1.7883910811599355,0.42441866184931976,-3.840101356379016
2000-03-08,-0.04193676829057463,1.5957079457654637,1.0280622978401528,-5.76212499908105
2000-03-09,0.31273723025317873,2.284974388361407,0.7197000831525511,-6.687143313929898
2000-03-10,1.2862333751533446,2.455741247440455,0.3148117400338217,-5.731625020702813
2000-03-11,-0.4651826096179992,2.5068821973628745,1.5948973594440923,-7.549544733981673
2000-03-12,1.289964717425814,1.4808084922878395,1.9436725595212316,-9.876955563130306
2000-03-13,1.2481612722180548,-0.3622404781156485,0.9243127943032439,-10.856150381557635
2000-03-14,1.560400800095337,-1.598837670137359,1.9910128661532447,-10.543196232436864
2000-03-15,0.8592742112485665,-2.3562207188960764,3.1544598696187878,-12.73816900409086
2000-03-16,0.5953398576762268,-1.3318596304249344,1.789567231463647,-10.435298996897124
2000-03-17,0.9242347740056426,-1.0177622355573086,1.4506949622177177,-10.288860417527127
2000-03-18,0.055117111236175576,0.4538365195624794,0.557455577420466,-10.150900860697783
2000-03-19,-0.3222027701443616,0.778824703193635,0.8801079680167521,-11.218660685588155
2000-03-20,-0.5204218195548377,1.7143180904903033,2.6719882000661235,-11.453295201875829
2000-03-21,-0.035406802931612136,0.168411378823071,4.347961714538301,-11.427533582250277
2000-03-22,-1.0644162802055344,-0.24533756318638522,3.2498021404305257,-11.348846270110478
2000-03-23,-1.4202653845545419,-1.4797159836647482,3.0216520157867706,-11.026741878736201
2000-03-24,-2.1134170474322636,-1.582063403550357,1.8349766055978796,-12.557523053974268
2000-03-25,-2.580217078312925,-2.2260567925845782,0.8059516575592478,-13.908141879885441
2000-03-26,-2.6310920328342133,-1.4992794367428242,1.1534829664386061,-14.801545840399971
2000-03-27,0.03979179470505123,-3.559397826315242,0.7798324250290807,-15.458677712855103
2000-03-28,-0.08393542944092447,-3.41977306828898,1.793327345657058,-14.064623103406046
2000-03-29,0.8989000511788379,-2.4774232179429623,1.7791526361769754,-14.916595853752531
2000-03-30,2.261936064192226,-1.430542592501494,3.576435166419195,-15.257440019638736
2000-03-31,4.18565997602369,-1.4751867659418105,3.7459908187182878,-15.70881573050125
2000-04-01,5.120909881200078,-0.7273099497944748,5.9874203454309445,-15.508683624328889
2000-04-02,4.819420748197401,-0.842058204712044,5.587912622079443,-14.83843922165688
2000-04-03,5.302942224591361,-0.04159926753144305,5.2155233193465005,-14.229421779790055
2000-04-04,5.0053516337549135,1.842485940384039,5.860804422230817,-14.532505174193279
2000-04-05,6.732133203549784,1.9567214803895725,4.912142494519534,-14.047248594829464
2000-04-06,8.123988086804017,2.275471717759989,4.988017440110527,-14.603218511849116
2000-04-07,8.279986817381836,3.206730878197342,5.834314301814038,-15.2282394771107
2000-04-08,6.299351924747568,1.4836178847062287,6.850874466250345,-15.91545322518377
2000-04-09,6.79313242936499,2.326734240579579,6.935357765645134,-13.530626594431245
2000-04-10,5.424420753580271,2.7148936394060614,6.812165208988825,-12.673588515771886
2000-04-11,7.148288741365048,2.691912440164078,5.820571330755984,-13.16014708821433
2000-04-12,5.926006843974251,2.252148269163361,5.068035454175336,-13.188279892360242
2000-04-13,4.868747846015701,0.5549829940858992,4.257090612586972,-12.54750839765756
2000-04-14,5.969466946869195,0.9285735210126767,2.2706463557791103,-12.683897914780513
2000-04-15,5.933076174557011,1.1871959308141682,3.7565859543068747,-13.137964901151157
2000-04-16,6.313044650734649,0.9138595185632261,4.68247623668889,-12.997329554779235
2000-04-17,6.975065402867797,1.1397633533702352,4.836892929650809,-11.365737059819185
2000-04-18,7.132004420741613,1.5342097640212318,5.300781357219545,-10.480296248342478
2000-04-19,6.7687958789638625,2.800644977402249,4.985364533681693,-9.39612720371688
2000-04-20,7.369795029282275,3.4326849873476797,4.523109101926403,-8.228201109564374
2000-04-21,6.017557603426013,3.05620182973224,4.295742057242028,-6.023506095136764
2000-04-22,5.030157590893623,2.9407387629178996,5.112292802849321,-6.363922834849268
2000-04-23,4.367779487755039,3.719758478106992,3.978781320085349,-7.279136932063896
2000-04-24,4.4217532697788755,2.415312430533562,4.460584445918892,-8.438344103740926
2000-04-25,5.805649734580779,2.1403960416670462,3.4552609978197895,-8.326040613605427
2000-04-26,5.377131162021994,1.9093520131618171,3.432337275183311,-8.391126254380959
2000-04-27,5.949352133231914,0.9406864231338468,2.539479810289365,-8.742279445911258
2000-04-28,5.706421909309205,0.9954966016857745,4.087539736262615,-8.881049855294421
2000-04-29,6.235815799583824,1.4585521181828915,2.8548511753383705,-6.9560979956657585
2000-04-30,5.953596452840165,0.8389579673868236,1.915925963256751,-6.102908503721371
2000-05-01,7.883878864678455,-1.0962953394105135,2.4303791388920732,-3.77358169106222
2000-05-02,9.235124951340326,-2.7101794081818706,0.9433797909431614,-4.088359137728223
2000-05-03,9.489756340618705,-2.4793249313847814,1.2098825437564635,-4.077699342210497
2000-05-04,9.24809297599565,-2.6261036302746827,2.315841248907466,-4.664151523115375
2000-05-05,9.853112685028341,-3.534412341657164,2.390486910575167,-5.286175754314351
2000-05-06,8.676183816337637,-2.0891633885798995,2.418054606279436,-8.042476877059112
2000-05-07,7.603772803034556,-4.43306100898115,3.736602205368583,-9.558181526906075
2000-05-08,6.3777076194417965,-6.641179494223572,3.5766466769704928,-9.356801801387164
2000-05-09,6.000142387511884,-6.977538300417631,4.695024410778662,-9.160599950617282
2000-05-10,6.087005124138442,-6.912367544549605,3.456852098487955,-8.304875434871667
2000-05-11,7.965419384490559,-7.182570900551157,3.4646545541226454,-8.120554199340107
2000-05-12,6.817405198727153,-5.282477655291641,4.230699808393459,-9.534155012813143
2000-05-13,8.49426087472364,-4.212442769231636,4.199534509946782,-10.594754355067783
2000-05-14,8.493668946674772,-4.929460976127357,4.5038196001045,-9.631115660109469
2000-05-15,10.115903290628644,-5.419539254625968,4.0540214450066365,-11.85933218305664
2000-05-16,10.558993008764617,-4.099717597755228,3.6425968488658538,-12.306563591804329
2000-05-17,10.176601157139897,-2.9885828595519355,3.894158351489868,-12.886974372443218
2000-05-18,10.400013237484755,-4.431196275647446,4.805833459075947,-12.888929889777689
2000-05-19,10.578222164917438,-3.5243594073462536,4.49760781825152,-12.960643209701976
2000-05-20,11.035910854463275,-2.4763673940492232,4.054447780344558,-12.612064495827939
2000-05-21,11.777243288628483,-3.1128552721258416,2.8349494460147078,-10.970036331459061
2000-05-22,11.934007413762846,-2.378639040246258,3.1276703503574352,-9.785870396003078
2000-05-23,11.499761906929937,-0.2465892133700014,4.564193508266942,-11.691585040902368
2000-05-24,12.09737786182599,-0.8831618404626547,4.842874654960569,-12.426902886896695
2000-05-25,12.520008854832987,-0.9268649285812313,3.334363674709633,-13.308462346468698
2000-05-26,11.738274254003136,0.15353690295104083,4.226855337455494,-14.524605043200257
2000-05-27,12.886930763188708,0.44206169880599055,3.154244953093067,-15.60634886292005
2000-05-28,13.479278545377321,0.16832762337688023,4.3392891025179,-16.0156077609959
2000-05-29,11.700463749832494,0.2424166277123499,4.560558046902649,-14.067854511279581
2000-05-30,11.281626161290024,0.7080291024087938,6.323675831106772,-14.898531507738236
2000-05-31,10.840811227441032,2.486987458222723,5.856853529603103,-16.76252304204472
2000-06-01,9.565636205245275,1.2089271964499488,5.44535342702335,-17.868000584021786
2000-06-02,9.765987519745996,-1.0808070558847804,5.811387004822288,-19.56077868321045
2000-06-03,9.423806469284967,-0.7759350363191571,4.512644633911712,-19.80432901694408
2000-06-04,8.667827623846861,-0.20166957060144874,5.132195876140151,-19.453176940278503
2000-06-05,9.631738682275342,-0.9367551398766841,3.9399231546020284,-19.58653173255376
2000-06-06,9.10792686304697,-1.1391185343171533,4.5883700490910275,-20.30097645799892
2000-06-07,9.571159738874927,0.2656976854819786,3.9009989905441143,-19.359768518229853
2000-06-08,9.57683353855818,0.2204830853709411,3.997069928112613,-18.586421785353554
2000-06-09,9.450548134083078,0.959198242335553,2.503078472894588,-20.646122717149368
2000-06-10,9.869824681105975,0.9089556705195361,1.629766749441469,-22.683353157912094
2000-06-11,9.375503530954116,-0.7073267415374316,1.2336181802405197,-22.56359359056914
2000-06-12,10.059728439628195,0.43159708978415967,1.185643378082933,-21.78058399317323
2000-06-13,8.803529710965261,-0.2298698726382714,0.23094534187547644,-22.89893284511419
2000-06-14,8.630743554012174,1.7902764774071875,0.20266031405824153,-23.152167490785594
2000-06-15,7.106849143044399,1.5253868530860806,0.08792932234099128,-23.195959347792183
2000-06-16,8.684883094422279,1.9883591908798852,-0.3835966576766298,-21.198962773098014
2000-06-17,6.831610414729954,0.8865148876503566,-2.3325087581855533,-21.65170379661935
2000-06-18,7.855504050732026,-0.1613843210724366,0.21837749374219984,-20.934387442798094
2000-06-19,8.14845419306154,-0.3097396745648563,1.019044909587271,-19.79472000560936
2000-06-20,7.200573839609024,-0.8048682917464736,2.2103665068029716,-19.739352244308034
2000-06-21,8.506035369594278,-1.9450622879522976,0.5786831067090523,-19.59569038383323
2000-06-22,8.253520185659633,-3.07003339456283,1.8215756014292894,-20.15494950394628
2000-06-23,9.38038002857863,-4.328506258031024,1.2943141611340914,-19.946868481522905
2000-06-24,10.425282356261045,-2.834495048709016,-1.5983245271723745,-20.121121540197326
2000-06-25,10.712578799927162,-3.8695986548892836,-1.5362280307322345,-18.570869977522804
2000-06-26,9.167757792287887,-5.218294750863539,-1.1643822276612141,-19.28844545161752
2000-06-27,9.571608676025626,-5.337558727919112,-1.6117851278141824,-17.980359082492583
2000-06-28,8.978497141354463,-5.267393904258035,-2.3233980184561998,-18.297372435851624
2000-06-29,8.621583675854486,-6.465780371226067,-1.9213085102579095,-17.695199125824004
2000-06-30,8.789951427010909,-6.869120445162664,-4.033023637004227,-18.099099161863318
2000-07-01,7.607329605818533,-7.307191169641323,-4.036168679351391,-20.53979501987539
2000-07-02,8.215945883968368,-7.5784970473465405,-3.191744323622476,-19.39104230639108
2000-07-03,7.573126437124088,-7.7164680054234305,-2.941783842199568,-19.15736721208695
2000-07-04,6.9762633075471365,-7.4303636202562,-2.547761796506915,-17.65148693393681
2000-07-05,9.512299363195394,-8.313573872139925,-2.563485619570763,-17.47334940699562
2000-07-06,9.97945818038859,-9.255236503926024,-3.1405981267019545,-16.692597989911913
2000-07-07,9.320166062662732,-8.940847374532371,-1.7440320403488199,-15.451060825152062
2000-07-08,8.577575479070772,-8.583437483484394,0.049527730097953526,-15.623742964427185
2000-07-09,9.898669806475539,-7.306594716973651,-0.08298325028421172,-16.775069121724826
2000-07-10,9.06541497525639,-6.700902720517565,0.4544096717556,-16.944155469962567
2000-07-11,9.992710678495989,-8.593520651870742,-0.16622259863591726,-17.631257009867475
2000-07-12,12.044683231362333,-7.5865729416421335,1.7265086941781496,-18.623113187155006
2000-07-13,10.769306099010473,-6.279442818966258,1.1921497962411274,-17.893779540388046
2000-07-14,9.87816699378803,-7.316785317675224,1.5581616567287784,-16.959765388048694
2000-07-15,10.240732818893868,-7.255703746432483,0.06316145946485818,-17.077418824991092
2000-07-16,10.890094015949883,-6.797746500074146,0.6300569819500469,-18.101719247295737
2000-07-17,11.953103650056057,-7.448887303703162,1.6480879918920013,-18.199727650880444
2000-07-18,13.429817410957464,-9.052705034936611,2.5432953268323666,-18.97291194769593
2000-07-19,12.777736218021898,-9.562254445871366,3.2869474782585355,-20.3914674817776
2000-07-20,13.831198816286442,-9.491357221463636,3.317077633069628,-21.757066036224156
2000-07-21,13.399313362002346,-9.360506940222274,2.5118436557755075,-21.975463312150524
2000-07-22,13.83619738274649,-9.805362719748839,1.1959550173070543,-21.743215938042866
2000-07-23,15.357195068682394,-8.904232643493922,0.7698024919025724,-22.493307596783747
2000-07-24,15.671388088483464,-9.908482811640615,0.8570198790483752,-22.975378436317957
2000-07-25,15.892794611654498,-9.492181374486599,1.3186426798325577,-23.263198167506122
2000-07-26,16.540034738900125,-10.49244792382959,1.4597409053987869,-21.31141329654963
2000-07-27,15.76927071142889,-10.177226951189846,-0.10982867609423486,-21.98743519549945
2000-07-28,15.37584848607987,-9.229630666415861,-0.6027744692647814,-23.44181532989307
2000-07-29,15.683472860315304,-9.074703481917814,0.6485432334487091,-23.284409851342517
2000-07-30,15.872359854344023,-8.208088777203418,0.33680097213294785,-23.39883019544974
2000-07-31,16.66274699768334,-8.060228381737145,0.8434046963837831,-22.525760714519787
2000-08-01,15.14975145269675,-6.5057260376005255,-0.18203250834294438,-21.9952201492883
2000-08-02,15.958941683942008,-7.471422940835524,-0.2805867538440375,-24.20996401833447
2000-08-03,17.316879789566947,-7.840101702657892,-0.543875301998475,-24.419328443912537
2000-08-04,18.077425698035224,-7.951136061296072,0.1558380202924955,-24.782159223422386
2000-08-05,18.364289554162,-8.19769843184223,0.970643595848137,-24.88203911508021
2000-08-06,19.884147207217584,-7.977504802271188,0.7844956632187821,-25.03653686083315
2000-08-07,19.87323447010242,-6.820331269752873,-1.715885037333613,-24.365408195010822
2000-08-08,17.74910210739723,-7.732374368370595,-1.3327146339270093,-24.351181576376
2000-08-09,17.365510220156715,-6.592055040798443,-1.6177635596921556,-24.0789249799395
2000-08-10,16.951037480380148,-5.933197249098065,-1.2162214662046817,-25.125003057375956
2000-08-11,17.85344034082059,-7.174769479591044,-3.0382785047469394,-27.09490640539954
2000-08-12,17.758975031942846,-7.452979537571912,-1.5529022554524345,-27.020120029112523
2000-08-13,17.667592900072446,-7.635077332336331,-1.9481615824370508,-27.301572491793
2000-08-14,18.3584704141257,-6.40400452964731,-2.347794687789355,-26.91766094104748
2000-08-15,16.9663123087797,-4.712082993744037,-1.8868447696983894,-28.665916140132918
2000-08-16,15.994011395294251,-4.2992632746994115,0.28774832739440726,-28.59249802778225
2000-08-17,16.487719682881774,-4.738092058063898,0.9003853085853669,-30.559392114626316
2000-08-18,15.027299422875972,-3.410455483635595,1.2116686694975543,-29.671490414051945
2000-08-19,15.83604613706916,-3.3419744456738045,2.834877050386461,-30.045792224026208
2000-08-20,15.221243607560314,-4.372489013260876,3.2762774470882206,-31.28028581688001
2000-08-21,17.130898495374197,-5.553302575288475,2.6166935459101106,-30.79884304241398
2000-08-22,17.09933670563296,-5.393469975965412,1.8823242957424515,-30.456765191586783
2000-08-23,16.71227578026965,-5.090545174700264,-0.11977899939843795,-30.14521178906572
2000-08-24,16.638109170678128,-3.6090058347099907,0.634205450889674,-30.876188871279112
2000-08-25,15.51062330411428,-3.7259474708572813,1.0292477291951863,-29.891771353841456
2000-08-26,15.483259651611755,-3.6154118225234955,0.7189207281538685,-28.07552445746578
2000-08-27,14.976067322911074,-2.1914917915457144,2.7753768068323983,-29.244398415316613
2000-08-28,14.663311160951544,-3.096385956684403,1.7898936405766452,-28.98037392949836
2000-08-29,15.917849247759152,-4.001428213477494,2.985406477814204,-27.85886170701355
2000-08-30,14.261260268319973,-3.2914310630797905,4.3416863580285225,-27.623836268785237
2000-08-31,15.099894654640845,-3.146694589809193,3.4254062435776444,-25.722509385407715
2000-09-01,16.69715936009425,-1.4572919874687627,2.077475735826727,-26.46176681308822
2000-09-02,16.82418378750302,-2.2048327464055815,3.419659221363109,-26.369153227477426
2000-09-03,17.808563243136337,-2.201818796145459,3.5234831921491665,-26.60366980342091
2000-09-04,17.329822129194085,-2.3893017250404265,3.9809982312931886,-26.03179534158298
2000-09-05,19.421713381025945,-1.6527775451553826,4.881559458430117,-26.528512358388053
2000-09-06,19.297136571631373,-2.2397939616613227,3.9240499128256925,-26.00816726976561
2000-09-07,17.76996763910076,-1.3299884700558404,4.654682745945767,-26.252647951730392
2000-09-08,14.90241076417756,-1.1604376279635762,4.263666451148523,-26.990259724836832
2000-09-09,14.974800818718357,-1.46464003368626,4.37096599800722,-28.39023572556332
2000-09-10,15.290934192704087,-2.098794540257187,5.519119170145362,-28.501639412004195
2000-09-11,14.926372628432418,-2.3559024235680646,3.3192599039904334,-28.3826111098317
2000-09-12,14.736464179750177,-2.562684184734234,4.423192773997695,-28.867378032351045
2000-09-13,15.19408363095945,-4.2941898489948045,2.0326304900614365,-29.837869022140406
2000-09-14,14.984169356920304,-2.4445235468191218,2.045666557009388,-29.731864107150738
2000-09-15,14.953730523415462,-2.5422425428706297,1.2860870531569493,-30.859870598405557
2000-09-16,15.632722080748454,-3.189949998972031,1.4973239543470689,-30.726822621654055
2000-09-17,14.014567324008041,-2.41108359947673,0.9360398047026088,-31.035840635822748
2000-09-18,14.685490540627379,-0.7367494760691955,2.3804095416080613,-32.15530107156623
2000-09-19,13.021420151948432,-2.512769128105823,4.18254435652036,-30.263751696688978
2000-09-20,13.065552391414412,-3.4443163149381295,3.054533249729483,-30.257847938851157
2000-09-21,12.777984856991973,-4.160205423657887,3.4614607712508825,-31.82962530279271
2000-09-22,12.956574092003704,-5.187362786703017,2.41695923086073,-30.797734723768578
2000-09-23,11.924480796884634,-7.072656640669763,2.8394251287517944,-31.471449659627655
2000-09-24,12.60504443585103,-7.013112879244781,2.9433010005206106,-29.124468325816043
2000-09-25,11.335723898847998,-8.703418199956692,3.570794479458562,-29.825303672551044
2000-09-26,9.453838956069392,-7.896374773766734,2.506081077778659,-29.65795207627664
2000-09-27,10.688718509743126,-6.703106004575821,1.4740275712795365,-31.270725385060036
2000-09-28,11.241110330539732,-5.6832891330741635,1.098375895644521,-30.938644216511435
2000-09-29,12.482282840122108,-4.981413170661987,0.42789656063748427,-29.8890416853113
2000-09-30,11.458537174763345,-5.0657448338021345,0.6487491411662029,-28.30246876664597
2000-10-01,9.138188553625707,-4.4252481890851,0.03991375908979844,-30.153952554974836
2000-10-02,7.954726641998265,-4.3405669975493595,-1.4175143466597941,-29.12233962775907
2000-10-03,7.288628238553372,-6.729465096721405,-2.712212830177358,-28.80670867350509
2000-10-04,6.826836714850625,-7.668459271896046,-1.8986203081981095,-27.814585461290747
2000-10-05,7.914761418987397,-8.763846960668618,-0.5425400912617242,-27.82616192346884
2000-10-06,7.0530554790215865,-7.447808693588792,0.7112582216840984,-27.79400648128239
2000-10-07,6.807499147287082,-7.251326141493847,3.8174289938447252,-26.493152660088857
2000-10-08,7.433751333362777,-6.956138179849717,3.8550491538865006,-26.04175268970177
2000-10-09,7.528760379388855,-8.181368424715496,3.06476282902476,-27.031129625888276
2000-10-10,6.476580776076466,-9.83774956516633,1.4999052049398212,-28.518454154367454
2000-10-11,9.382769133864809,-10.612581410940052,2.4027895737847365,-26.445428829053274
2000-10-12,8.526750058018768,-10.295322047262438,2.4861749105215893,-27.244735577161656
2000-10-13,7.085418031620937,-10.42901773802893,2.0569112447256384,-27.150273695274574
2000-10-14,8.398071310109,-8.65262605826876,2.6102138507704353,-25.12510711826592
2000-10-15,9.353570107444249,-7.733141828205006,3.4022927117262194,-24.72098038293728
2000-10-16,9.45283953199671,-6.204007988613065,2.681820736499996,-26.185473762939694
2000-10-17,9.818657318724618,-5.670310413863527,3.2440636194400136,-25.925995646054236
2000-10-18,9.477994543487535,-6.058608027011768,4.00643707600263,-28.08563186092422
2000-10-19,10.607764571095785,-5.847103029928151,3.3346365243899787,-30.616795191613665
2000-10-20,11.495417827575123,-6.560735682286283,2.7976711154535185,-28.29307182531755
2000-10-21,10.984611649494958,-6.353599128804338,3.3939535678436537,-28.672800117727114
2000-10-22,10.958609498030798,-7.105023798493869,3.8156070397733335,-27.913851035628714
2000-10-23,11.678230080699656,-8.42998144760015,3.068724343377231,-27.363301135611255
2000-10-24,11.864975192847018,-9.906449323780352,3.3629593698458398,-25.49241658960554
2000-10-25,11.549255730633442,-10.6069091630557,3.4212699433694542,-25.605442553642057
2000-10-26,12.003363071668051,-11.047314612874974,3.540844138080023,-26.28002198296277
2000-10-27,11.98662112780844,-9.388574537776012,4.179122113201045,-27.089862659052187
2000-10-28,13.517812220089267,-10.467080179173267,3.6552662395879594,-27.14868174657711
2000-10-29,14.086059007224382,-11.41102604801449,1.966846390651713,-25.322675149274836
2000-10-30,14.823664426253458,-10.644494848828868,3.2675138165023716,-25.099480012297334
2000-10-31,16.276403495904848,-11.439552469176402,3.125297309512569,-25.3265883786587
2000-11-01,16.22801228211164,-12.016498091250838,2.184314241938234,-24.183019948098014
2000-11-02,17.325090239600943,-12.636587239618422,3.8611312676735796,-25.702486406830594
2000-11-03,18.975574705709565,-12.222235820228374,3.152063790427566,-26.596166864907524
2000-11-04,21.15209257691172,-11.099651090656923,2.3626301034751,-26.4167350384227
2000-11-05,20.567600630198193,-11.077398749613447,3.8146200725957566,-27.251397617014046
2000-11-06,20.929922423445763,-11.889801508125073,3.1660464254699603,-27.050039148303473
2000-11-07,21.369142687918885,-13.131016073250706,3.628425122558909,-26.67154948203784
2000-11-08,20.004943525014376,-13.267796933827915,4.434234187874869,-27.6678599975773
2000-11-09,19.763769351930826,-14.557084100136327,4.512759856892913,-28.437039682873724
2000-11-10,19.22333784567081,-13.908980856124746,4.521220359829431,-28.759888881133826
2000-11-11,19.824393598189175,-14.200149509040385,4.952662398658815,-28.918104518232358
2000-11-12,20.718751727035915,-13.895750699826205,5.830161945528408,-28.063006305528738
2000-11-13,20.06327598721661,-13.29075615253601,8.207475450308355,-27.84425888107292
2000-11-14,19.56135160527333,-13.70928124299745,7.674762644269337,-28.804009296514874
2000-11-15,20.536738536062916,-13.722634156773426,5.532960999497695,-29.70432367407643
2000-11-16,20.011912106391062,-15.004764644441359,5.7311403394669975,-30.223418444262105
2000-11-17,20.16511235084748,-14.816894455443087,5.473849506221583,-30.90091808084238
2000-11-18,19.41714617549183,-16.621861343514645,4.518570353641742,-30.049428998685176
2000-11-19,18.749192583352027,-16.708713427699706,5.483910429367688,-29.06980160389335
2000-11-20,19.4055060483881,-18.846652890649803,5.227456188999509,-29.59061144787915
2000-11-21,19.525465356933225,-21.178540169893843,6.336384942267269,-30.301940018920522
2000-11-22,18.865488914470504,-21.591224053307478,6.460192818200596,-28.858873805105816
2000-11-23,20.06463732839866,-20.56345546154914,7.178082736088014,-29.095281595882724
2000-11-24,19.315277803045984,-21.313953291031815,8.920350675286997,-30.34128375466104
2000-11-25,18.92713147914249,-22.081870931376855,8.525477197855361,-31.0839105580056
2000-11-26,18.69037861799962,-22.295792671720317,8.78150896075661,-30.695746359237035
2000-11-27,18.551864410370673,-22.263272888028776,8.128819261630186,-30.45145980850601
2000-11-28,18.37379012034115,-20.330757044440325,7.781256113903312,-30.30324955989619
2000-11-29,21.39852372578861,-21.26601012699955,5.685769155459576,-29.77761136362239
2000-11-30,20.711013755591267,-21.932723912380208,6.555519749297455,-29.575838587641865
2000-12-01,20.10858549883499,-21.370102635161494,5.588347010945157,-29.214633947218452
2000-12-02,21.324826758068077,-22.601684458937978,6.824871883095022,-29.390919062005903
2000-12-03,19.66387504550696,-22.230994119116744,5.91478308408674,-30.69581197637689
2000-12-04,19.930402696812894,-22.689917356564337,4.8507409962564845,-31.18408402586106
2000-12-05,20.645976298836178,-22.6192327942912,6.2289320886366975,-31.49976922612755
2000-12-06,19.522498008114905,-22.2559986505593,7.0036008789388795,-30.699981439928862
2000-12-07,18.680271370367183,-22.488297185055654,4.465183772428056,-29.859223918068192
2000-12-08,18.78164152029974,-21.377184031345145,7.515229242866315,-28.58969292581192
2000-12-09,18.613484470250178,-20.26005628791306,6.853147446586321,-26.618846774461897
2000-12-10,19.340714639858195,-20.407754861790096,7.0524282198618895,-26.10209633173497
2000-12-11,17.78265646796185,-20.166256607261015,6.130460908563069,-24.68746575758121
2000-12-12,18.80584931271402,-20.786547582163674,5.155381015547744,-23.74759051228938
2000-12-13,18.503448497494787,-21.45661682385336,5.669994101857695,-25.439570545145415
2000-12-14,18.743407811968805,-20.397069550176223,6.362515035673704,-26.873611493296156
2000-12-15,17.39607057850869,-20.235731111045308,7.2892275914215805,-27.272821677075108
2000-12-16,16.02407620352347,-18.91376082955042,7.78233573762929,-25.59164893021647
2000-12-17,16.024009247423805,-18.65363835033652,7.825442138827055,-26.342151332986873
2000-12-18,16.46152681761166,-17.59815241382948,8.052640386118489,-26.251836456637903
2000-12-19,15.937099136507666,-17.587044268178886,8.095324926972795,-25.652163621935284
2000-12-20,15.624248057810115,-18.86268192426073,7.456049921733917,-26.147557590046432
2000-12-21,14.695231599991782,-17.64756117727201,8.649668121297918,-26.720777605557426
2000-12-22,15.129031427526463,-17.6661958604182,6.583212637110984,-27.90683004184102
2000-12-23,15.425015230592715,-18.16068894329131,6.64913113443305,-28.310549898844744
2000-12-24,17.6315068206329,-19.911172009911102,7.709539692194216,-29.352566437495856
2000-12-25,18.081908340062,-19.802271243838774,8.438669134071489,-30.573863532578642
2000-12-26,18.496513394445447,-18.479675991112888,6.265197118855294,-30.243137799091343
2000-12-27,18.451162421245357,-18.840499008148598,7.095289567023051,-28.947887778511816
2000-12-28,20.582633696327537,-18.632803995627782,6.744411617444476,-28.90310633137809
2000-12-29,23.210039680146163,-18.306237328047605,5.96631290383152,-28.351339834091533
2000-12-30,21.914748616726598,-18.453653114202258,5.5733691647586365,-27.869195098000386
2000-12-31,22.721465879963684,-18.756765493085084,6.369174902239019,-27.702524138333334
2001-01-01,24.423329397490644,-19.468359824704304,6.420567675944552,-26.693662722720042
2001-01-02,25.513435882750063,-20.032238704865875,8.118942748188278,-25.276376889149997
2001-01-03,26.937122532255856,-20.510391111749325,8.651155505966498,-25.708009800067735
2001-01-04,26.973704601970432,-20.474849418619577,8.294829853859248,-25.606076411677066
2001-01-05,27.796362584407316,-19.1998738342949,9.338637606767557,-25.726770384175513
2001-01-06,27.44314172108161,-18.2009653468009,12.199882827793191,-27.100032656423902
2001-01-07,27.55620286769062,-17.800540524951334,11.73366014432422,-27.269059045410362
2001-01-08,28.372738749211234,-18.627445332190728,11.185123801956603,-25.94411344182255
2001-01-09,28.110590870546357,-17.478055774376905,9.56804456133753,-24.974429134427595
2001-01-10,28.02025287038305,-17.044781904591012,8.289905641276858,-24.715683696024968
2001-01-11,27.741397509422917,-17.09488906490494,9.814379936006866,-25.386801546640438
2001-01-12,27.017919380983994,-16.528643762344963,9.44697081452036,-26.119258747622155
2001-01-13,29.004637060154828,-17.260631330938317,9.156213627745217,-26.877206258994992
2001-01-14,30.475511405671067,-17.671064957527687,9.969605775616383,-28.84358452062623
2001-01-15,31.759300091257025,-18.13126387274531,11.821140595808833,-29.58745580917927
2001-01-16,31.89084258581238,-18.384983248052404,11.049643098385722,-28.47589956908207
2001-01-17,32.212588887781976,-18.2994990393221,10.926200901033813,-28.285294754682365
2001-01-18,31.729243445408684,-18.748957587729016,11.731225107021132,-28.317679174460203
2001-01-19,31.693174017636508,-20.71188280353339,11.074575870429271,-28.76750569282526
2001-01-20,31.268926178514345,-23.645356509686764,10.324990249510913,-28.643454798764733
2001-01-21,31.007662484619964,-24.202532058459298,10.596065094471477,-29.01486652193389
2001-01-22,30.322936748373795,-24.416521473973223,10.289755738488708,-29.440302607663572
2001-01-23,29.5850436712807,-24.801587658225717,10.121197169039489,-29.257065035704574
2001-01-24,29.892913460802724,-25.25391283327522,9.906699090618833,-29.367665702731305
2001-01-25,31.158523893049896,-25.743241840236056,12.983599611285968,-30.09588404696257
2001-01-26,30.82975375373497,-25.40943263920794,12.989665832875454,-30.996965216483563
2001-01-27,32.158005844060746,-25.256852744944123,11.573553190140059,-30.384881318137964
2001-01-28,32.44970741681107,-24.87143801506281,10.780421260454492,-30.804662690199212
2001-01-29,32.4690252036657,-22.548566615352446,9.77405026517278,-31.012209284171718
2001-01-30,34.41301810494762,-22.814396387493744,11.68875844824911,-30.630872943310543
2001-01-31,35.981406102453874,-22.28897196611742,13.095396500071537,-28.80850430316371
2001-02-01,37.0559902782357,-23.221399311850305,13.11121708780175,-29.161799655359815
2001-02-02,37.108321496757696,-25.12370456737342,14.320990747180737,-28.109574876122103
2001-02-03,36.6252922135763,-25.66169944384899,14.605366013726773,-27.502393897295864
2001-02-04,37.23176056501814,-25.633530423685908,14.76425608353325,-28.234198315674245
2001-02-05,37.1426209488369,-26.400308300138203,15.636502961356628,-27.678188601945106
2001-02-06,37.03655108374682,-28.32501798222166,16.426859891810185,-28.09518878718154
2001-02-07,36.92564991166992,-27.56763493961115,16.813881719639145,-27.763866038455237
2001-02-08,36.627717283939084,-28.485131035700388,15.226100933366041,-28.754226355478746
2001-02-09,35.54572782125551,-29.07803009793048,16.80621469311002,-29.672418590331784
2001-02-10,35.40928464871504,-29.10376672136624,17.334035799319903,-28.686273978203364
2001-02-11,34.47966461866382,-28.374578505317523,19.11885796202038,-29.768571084259204
2001-02-12,33.35021636062126,-26.465487669315213,18.827195113865486,-31.82446245667754
2001-02-13,34.61103345198503,-27.311737909400165,18.065076595016027,-31.81951659431387
2001-02-14,35.143577049818965,-28.564878943382368,18.538073876437174,-33.09592578619672
2001-02-15,34.6125745102172,-28.264195482506935,19.225725485112708,-34.419804635462285
2001-02-16,34.00947679977514,-28.730918890940284,18.26084646605637,-37.0846100793676
2001-02-17,33.02879866170658,-29.56475457527786,19.37207738603625,-38.06199333731318
2001-02-18,33.51110426433929,-30.892754978469192,18.321035042370212,-37.79123091202852
2001-02-19,33.556972084242574,-29.8062006436614,18.65220713536435,-35.13251456196617
2001-02-20,33.80947609836632,-29.510399206845317,17.894860475476246,-34.35802778851611
2001-02-21,34.09709976936606,-29.497150925612498,18.6318608290296,-35.36281710267281
2001-02-22,33.65951274345792,-29.876385195440854,17.148126774029592,-35.00129184512889
2001-02-23,33.26959671130189,-28.30434717455071,17.7696700530052,-34.005149930156044
2001-02-24,32.62839227815905,-29.736245847737635,17.512192922863072,-33.6047353462108
2001-02-25,32.65603708595618,-29.336627146836104,15.879294772371747,-34.39964727470937
2001-02-26,33.380218012044715,-30.156232260947043,16.053049665699163,-35.45747828588028
2001-02-27,33.87172087880754,-29.07485431101017,17.955417111352332,-35.45658656452751
2001-02-28,35.22613909071953,-30.783185412325526,17.336395841690297,-35.235436249042294
2001-03-01,35.303658690676386,-30.415819108197,17.60886552327033,-34.30811894928514
2001-03-02,33.81538362931927,-29.947030009799697,19.08504892975477,-32.911991509536364
2001-03-03,33.9792212902475,-29.304992724529356,18.05041073088559,-31.918283542590355
2001-03-04,32.72932126678918,-28.351191584821358,15.168470019217247,-31.43258956367703
2001-03-05,33.58729244809062,-28.431573263516352,14.709734204898998,-33.24418865359428
2001-03-06,33.27078549856461,-30.212621171475398,15.203385737013885,-33.87035813937029
2001-03-07,33.303313457816465,-30.942458854807963,13.779327312733757,-32.55520549253155
2001-03-08,33.678952362380315,-31.146662776820257,14.346717857859511,-32.05912237896098
2001-03-09,33.856099712606486,-31.84820218133943,13.583160170601566,-31.526811514745827
2001-03-10,34.031650632563114,-32.51663623790321,13.413388380047136,-28.810742325994283
2001-03-11,32.818761604905696,-32.76011616793942,12.526136430650809,-29.607615236063907
2001-03-12,33.32132561405124,-34.88578812056731,11.205068178924751,-31.735844922567313
2001-03-13,33.518699894528936,-34.70863145112295,11.110861702208712,-31.17248663746674
2001-03-14,32.23372860666208,-35.216758238737036,11.534405781721352,-31.073556155134973
2001-03-15,32.212902978333744,-34.490196069852175,11.365627255472361,-31.43567864972063
2001-03-16,32.16012308163594,-33.94028932651321,12.121940990128953,-32.100367238281684
2001-03-17,31.778171330573656,-34.10507380934689,11.133351892327935,-32.661439877748805
2001-03-18,31.36254971554599,-32.870589666106184,10.358251224100481,-32.117507446565476
2001-03-19,29.667043502082226,-32.55271507829887,9.274110947576016,-32.46947387480034
2001-03-20,29.997197726349224,-32.67434597373647,9.679122487216455,-31.70297110218548
2001-03-21,28.276769861870672,-32.69625892932653,12.453368086372004,-31.99483442021847
2001-03-22,27.276025072922106,-32.18375809268424,12.92993911977619,-31.698948358755178
2001-03-23,27.295759527443828,-31.58262841710231,13.264095471378184,-32.61611446755918
2001-03-24,27.654415548979784,-29.412844381427906,12.672899579929476,-33.91370607592736
2001-03-25,26.99879226640328,-30.24933295265645,12.35113985197014,-32.666550712065366
2001-03-26,25.995142472763092,-30.207475960027597,13.17332377051516,-32.51896161359711
2001-03-27,24.691421757863125,-31.098560395877,11.675965362746862,-33.28604652716199
2001-03-28,24.51302063556121,-33.954323672918726,11.625687257210558,-33.90727271765399
2001-03-29,24.68578971733533,-33.44689991127797,11.006516318050334,-34.32059046175517
2001-03-30,24.64968736712211,-34.86464844675461,12.252700527975282,-33.636818912112744
2001-03-31,25.563635232840724,-33.6405525195294,11.197108874822828,-32.588476388509456
2001-04-01,27.05714158696234,-34.860576232649535,11.69434746636005,-32.312710251513124
2001-04-02,24.738778573355265,-33.819288099599575,11.081831960485891,-32.348994704624715
2001-04-03,23.462427380369615,-33.41115543678223,11.256287910092338,-32.31346255197083
2001-04-04,24.36171711321439,-33.353116449826665,12.07260536469932,-34.74492816353889
2001-04-05,23.313545581935784,-34.30641638257174,13.791191102315077,-33.582593666706515
2001-04-06,21.593843377406454,-34.91451473457122,13.670283278136605,-35.167085604841205
2001-04-07,23.328062374247708,-33.84326563363464,15.053875210989602,-34.94258173717443
2001-04-08,23.77521479060957,-34.05053882658086,15.887669562568316,-34.94678296592094
2001-04-09,20.766021738860278,-33.944677374145165,18.144280238006438,-33.38677504675523
2001-04-10,18.080908230999164,-32.7159422641225,19.18136500714002,-33.23436139309099
2001-04-11,16.964603572959604,-33.726926535276654,20.070147266428172,-33.32463271744824
2001-04-12,18.28080740294846,-34.97172143230499,20.9534794388367,-32.61992543175172
2001-04-13,19.182592262604715,-36.50180667387756,22.19490075209366,-32.681026097424976
2001-04-14,19.109522280353072,-36.35084421327128,22.98383308505094,-31.934382894202425
2001-04-15,18.900306898105057,-36.05280164431684,24.07385375523324,-31.87047290816128
2001-04-16,19.897199699469056,-36.149151250385806,24.18729878765191,-32.83232481480317
2001-04-17,18.70414687376595,-35.602913868530344,23.092001294436795,-34.22443638073646
2001-04-18,20.064098823548957,-35.59518571580089,22.61332177063693,-33.91294368945085
2001-04-19,19.94908656662486,-33.44064417749988,24.527271977813086,-34.8496076191106
2001-04-20,20.281594134730277,-33.374713592141184,24.6353222305169,-36.888174399380034
2001-04-21,20.80068656159081,-34.00897178214529,24.758236972794656,-36.70963689083193
2001-04-22,22.16639044141272,-36.056886484050395,25.410790307305565,-36.82103008148768
2001-04-23,21.382712993461155,-35.69842346908372,25.830404348051932,-37.390773456274935
2001-04-24,22.065749663380274,-36.107888751782596,24.538910345314395,-38.75856667163837
2001-04-25,21.535949508340224,-35.888328849287085,24.52873283274361,-41.01796985663751
2001-04-26,20.817785429706703,-35.41210299672196,24.15210225745637,-40.955907731088104
2001-04-27,20.431335478135455,-36.002110925136364,23.577640701836224,-40.287377566749825
2001-04-28,21.042690945798924,-35.30220660920175,25.05285625638262,-40.66077093616308
2001-04-29,20.064651973645923,-35.409946918843914,25.287681867509768,-41.421969766191324
2001-04-30,18.504641969731672,-34.75388957767162,24.356373084680786,-43.44070377433748
2001-05-01,19.12090203363711,-35.17251512247853,23.300803731347735,-43.08339598790727
2001-05-02,17.5812632641338,-36.71227388682525,22.231701755676063,-42.90483603572065
2001-05-03,18.152023127940993,-37.78220705478801,22.50015220518346,-42.4816904729793
2001-05-04,18.341350428452404,-38.0146707184651,25.065945486024415,-42.927036792290664
2001-05-05,18.958385848612885,-37.61759095858011,25.533976636155266,-43.37135004277417
2001-05-06,20.829376301832355,-35.50395588359123,25.392127249056532,-44.32603711544758
2001-05-07,20.639429528316946,-36.15661343734713,25.731201738432926,-43.19301262819731
2001-05-08,21.66606786776951,-35.894156854830435,25.334885531750714,-44.65297623851591
2001-05-09,22.283586775818,-34.84676118884758,25.745031723983825,-44.44664864528812
2001-05-10,22.370679940561878,-34.87700877150998,26.255563023488875,-42.819601877492005
2001-05-11,24.664655485721614,-33.72967814206858,26.888731345838337,-42.58057397030904
2001-05-12,24.263167895779635,-34.03350957877587,27.538829117316872,-43.18692626250907
2001-05-13,24.482083777886526,-34.32518728667581,27.36950261653739,-44.56629119198571
2001-05-14,24.234126509645076,-34.24153876602255,27.966437764363434,-44.173077345469586
2001-05-15,22.40482615031106,-34.59100536548543,28.772953297599347,-43.20114627331382
2001-05-16,21.00633229501348,-34.7924128859673,27.95179820231736,-43.85582276808791
2001-05-17,20.306851231249283,-32.991795964528,29.35799874323902,-43.5327459394597
2001-05-18,19.72418322374381,-34.491829693642465,29.574565282334405,-43.973920549222434
2001-05-19,18.940303294508166,-35.49858533735345,28.488949998429497,-43.90868709837882
2001-05-20,18.78820450481417,-34.78119703640268,27.086370140466624,-42.082632409060544
2001-05-21,20.79275587706449,-35.44536801242838,27.67442414241486,-42.528752961866424
2001-05-22,21.242261588027844,-35.474485426839586,26.31840310008426,-42.89259479998883
2001-05-23,20.275332895799593,-34.803642130416584,25.64897906159011,-42.274108757699786
2001-05-24,20.499171036195776,-34.46732157584629,25.18854265654304,-39.74999647900393
2001-05-25,21.779006353293322,-34.382286409781415,26.29591524221303,-40.30239801572688
2001-05-26,21.450090325846244,-34.53075053032528,26.716701876546253,-41.85036670361654
2001-05-27,22.848951648259398,-34.73065628628324,26.98681562962428,-42.905499919807085
2001-05-28,22.196467816669326,-36.036705976564036,25.378668754494427,-42.201078673880815
2001-05-29,23.424176989580122,-36.329798362871436,24.53693676105865,-42.37329474215516
2001-05-30,22.58010085290494,-36.96830759081887,23.32202209639085,-39.0765804112925
2001-05-31,22.724693871865313,-36.121334927934186,24.16388461892282,-38.19580126489174
2001-06-01,21.036022513581795,-36.747644449744776,25.085882583456925,-38.02053810649343
2001-06-02,20.047981609695928,-37.5133491254678,25.71610229205672,-37.636622400178695
2001-06-03,20.927474501766515,-38.16713894354805,26.199915584151046,-35.98545225366385
2001-06-04,21.84734790175562,-38.58736758784924,25.32285275649649,-34.25130138432458
2001-06-05,22.539795492336612,-40.93398992819445,24.650797619226793,-33.208902040224615
2001-06-06,21.932124668424336,-41.15616007641457,24.232676225358695,-34.91126926458774
2001-06-07,22.49743139832398,-42.17521729651618,23.973613112907312,-36.18654251225214
2001-06-08,21.590435266095792,-39.94522146587512,24.89316317208081,-37.624865945664354
2001-06-09,21.826379843490916,-41.546908658680266,25.495851924354447,-37.63666700361576
2001-06-10,24.120855865875484,-40.27952562184593,22.8402614524317,-38.890316855148235
2001-06-11,23.533297076756178,-42.43035349802834,22.378385351682642,-39.931677059888216
2001-06-12,23.42566636178775,-41.08346766577127,22.90562697786346,-39.81022597085972
2001-06-13,22.68424760137696,-41.82196693466177,22.84525720460741,-39.36106200218537
2001-06-14,21.851510256751833,-40.466822560673904,20.42928830427147,-38.88329605076744
2001-06-15,22.376214117559716,-40.88058454089358,19.57944751270903,-39.14177680074397
2001-06-16,22.21148625665714,-39.74311091732321,19.23774418414459,-38.15384669988178
2001-06-17,20.51033426873882,-39.63959335384114,20.433156123366913,-37.50974414288961
2001-06-18,21.350049345393597,-39.22432289577441,20.259533749134746,-37.20966578887742
2001-06-19,21.617855597185937,-39.350657221383685,22.13804344748454,-35.31044247012259
2001-06-20,20.81157837352291,-39.989141319148125,22.48876192727195,-34.41895978225279
2001-06-21,21.258346109244485,-40.13818468048607,21.73945456378132,-31.5952967026263
2001-06-22,18.937369115365154,-40.10602617915143,22.427142722188233,-32.79074105313573
2001-06-23,18.653650614164178,-38.796918927502986,22.816080723219066,-32.19256961868093
2001-06-24,17.51544983642654,-38.37692094553148,21.8933023734553,-30.68011714631338
2001-06-25,17.055677519978467,-37.5220512319249,21.24558683130453,-30.534894038488638
2001-06-26,17.753215036182524,-37.87501389987124,21.384170238645968,-30.648973622551644
2001-06-27,17.69444692014982,-38.8015699144758,23.90700410726541,-30.72527179264887
2001-06-28,17.07261506937494,-38.28256543126273,24.812319463048155,-30.219877242173368
2001-06-29,18.999672131026635,-38.41006591303213,25.816398544929953,-29.556370081200676
2001-06-30,17.997156890175148,-37.971962604241234,27.544930334202306,-30.347383657803828
2001-07-01,19.692080110959807,-37.40417818905151,26.948583041884856,-30.915813187025147
2001-07-02,20.665474384581195,-38.8599433361024,25.94594063449775,-30.714059525486785
2001-07-03,21.004802084397735,-39.23187392483566,26.66143870955553,-30.23619289217965
2001-07-04,21.738333239524696,-37.75003847043039,26.11567204627414,-31.805072406162765
2001-07-05,21.38528876540977,-37.279605464142776,24.44926124687912,-29.55479270474352
2001-07-06,20.498285901058885,-37.900426497426515,26.04717584225858,-29.904935519819052
2001-07-07,21.160513076601923,-38.7460143285124,27.845626681574664,-31.50763445686697
2001-07-08,19.465991143251863,-38.285089596267426,27.35574981778599,-32.05172952948901
2001-07-09,20.69442756373461,-38.995030450651385,27.615552533045175,-31.693529642519596
2001-07-10,21.03472905134996,-39.04642870733216,26.7960265110499,-31.884239851695522
2001-07-11,20.28832635590092,-39.24578504622689,25.54921131902178,-31.593350905942227
2001-07-12,20.79427213213355,-37.53721125810023,26.146273212405937,-32.3739772722865
2001-07-13,20.605332267648862,-35.23600825094017,26.10351282096869,-32.90552223804896
2001-07-14,21.86084812037088,-35.83882388836095,25.0507380624631,-31.385764747835147
2001-07-15,22.337808822124302,-35.54749339936029,25.262137446050364,-31.533478291940682
2001-07-16,23.083683064773602,-35.4880732260759,24.973917591353857,-34.19328556107778
2001-07-17,24.3446332934513,-35.81349709211364,23.747431127430808,-33.06296077760494
2001-07-18,24.03421553475591,-37.130403453277744,23.38766178066456,-33.30593101931262
2001-07-19,24.101926132068765,-39.20533548262903,24.305920830125615,-34.04445788617906
2001-07-20,24.30603966102395,-38.653524576015656,25.763534827199447,-33.17353542332321
2001-07-21,24.7995186435926,-39.160954309764705,26.50769389401002,-33.15651949231632
2001-07-22,23.79796213844193,-40.2515620916286,25.644745658873692,-32.70920327399258
2001-07-23,21.98957187316477,-38.32535514982578,26.185583300215388,-33.352401974944776
2001-07-24,21.01896893342093,-38.921845802038504,27.642344774105684,-33.06499004256885
2001-07-25,20.346577696494627,-39.28183149868521,26.84228863515989,-31.830811772583072
2001-07-26,20.611610899689595,-40.269824065690834,27.63977949912243,-32.94039587328248
2001-07-27,20.39049983941116,-41.505668638491,27.9536069425788,-32.59290729212468
2001-07-28,20.47481762363572,-40.05554012310569,28.1543685989155,-30.1223847762795
2001-07-29,19.438334035861,-39.186966593113226,29.271378352064684,-30.04441204804343
2001-07-30,21.093910295896702,-39.56321972415961,29.614609600172955,-29.930767971862192
2001-07-31,22.292306585735087,-40.305603974680906,30.171190437524736,-28.537986024537137
2001-08-01,22.600316152536134,-39.39257636866058,27.516934878555723,-30.097068479122733
2001-08-02,21.402666504604724,-39.23131231069767,26.68377886348444,-30.893145523625304
2001-08-03,21.932061161603787,-38.237363854284936,26.233144962078203,-30.38782074329629
2001-08-04,22.723963549486726,-38.853907024810404,25.129706828571578,-30.975205694651454
2001-08-05,22.26283217050317,-40.080472606547715,24.256882372425245,-30.958128523596052
2001-08-06,23.223707773208947,-40.748724783819945,24.129181567264283,-30.490086959693066
2001-08-07,22.509457641872604,-42.30818644490622,21.99308835531873,-31.86792921916624
2001-08-08,21.903624833860952,-42.67912505232756,24.127312507118592,-33.15498850213551
2001-08-09,21.291987421847793,-43.2175775416007,23.768553005828526,-33.544610896551134
2001-08-10,20.41699446221393,-41.35348584012063,25.514817839951768,-33.38451534693409
2001-08-11,21.74717784016889,-41.614076082890975,25.056199946075367,-33.31253903566081
2001-08-12,22.177942302030917,-41.792370878119875,24.44408853095796,-33.315176823213996
2001-08-13,21.202714638141376,-43.21550635936659,24.441479690791034,-32.78942581017804
2001-08-14,21.858184921414953,-42.65976187564081,24.337924414627295,-31.998032009543387
2001-08-15,22.891470704542925,-44.181085010680064,25.210492871611162,-29.70060925352974
2001-08-16,21.900373097891517,-45.88334297053183,24.89397190707954,-31.614190148989433
2001-08-17,22.472545517676263,-45.944152480848324,24.683283003888345,-30.69276963844952
2001-08-18,22.26128034659146,-48.84541614162865,24.236954330062744,-30.900464685504424
2001-08-19,23.255831341145445,-48.788745674344696,22.784518484769215,-31.116260938868738
2001-08-20,24.956225881985496,-47.74891755200979,23.031273849308565,-31.528788971413103
2001-08-21,26.28540780621812,-48.48737587023831,23.62649866203046,-31.70014912337055
2001-08-22,27.1191160233092,-49.516956902464976,23.282936203170244,-30.458754961461683
2001-08-23,25.979720828743893,-50.905313020070714,24.358408430892208,-28.72951968569068
2001-08-24,26.461358722286057,-50.90208395806669,23.352224924469578,-28.475002640610654
2001-08-25,26.340091223065507,-51.43966495345412,23.882496494680137,-30.40642096942974
2001-08-26,25.72535901754966,-51.403236861459156,23.54918675198936,-29.714906293315295
2001-08-27,25.200265588290943,-51.44340020759048,23.13280542335893,-31.719622345629112
2001-08-28,24.312033379369392,-51.02322636775265,22.597077207581837,-32.11724535781166
2001-08-29,25.283189690231705,-50.415127406252154,21.738885354726065,-32.47952339780623
2001-08-30,24.328948500623667,-51.36779780839029,21.573815421134274,-32.35610378176779
2001-08-31,25.010307126571227,-51.352790474798816,22.1154097751984,-33.719936070850856
2001-09-01,25.06180528985202,-50.659431546066344,21.35079379064284,-34.572225640393164
2001-09-02,25.697249798757447,-49.33907018941478,23.66118847379305,-35.09165963958728
2001-09-03,24.53727841102106,-50.245629783498295,23.14246740829857,-36.45921110229185
2001-09-04,23.135964116727287,-51.27560293949282,23.695216905754585,-35.80281768752345
2001-09-05,24.779247146420875,-52.49267925692306,22.020576873051734,-36.16080189866756
2001-09-06,24.56895346800884,-51.75140474515244,21.073767825704234,-35.08118036832571
2001-09-07,23.19334976892673,-52.57178860147339,22.289234759937596,-36.565747486259454
2001-09-08,21.976655015329836,-51.966387900629734,21.570349702242073,-35.6024215291283
2001-09-09,20.74528368868394,-52.81002210398743,21.762666303249123,-36.25169570598178
2001-09-10,17.639428524863806,-52.94767891559337,22.26145368150156,-35.93267782556686
2001-09-11,18.678081402018258,-51.87348708561263,22.502224950579784,-35.62899755471354
2001-09-12,19.14439947366671,-51.406096597157564,22.734445461040565,-36.79893387848635
2001-09-13,19.46875298927599,-51.463328321629604,22.335203416669188,-36.197129823120704
2001-09-14,19.259491565179587,-51.29693585054132,21.55173829670978,-37.614354553949305
2001-09-15,18.675066061225554,-52.39551081180165,19.55533096615573,-37.7618020131787
2001-09-16,19.09538177368196,-50.945553599720284,20.114436591893025,-36.13715054860583
2001-09-17,19.925454727191447,-50.90171345897834,19.941304554646408,-36.08841659218326
2001-09-18,19.304279989727284,-50.88400360690196,19.844528346111048,-36.063674976976735
2001-09-19,18.778679709929968,-50.09857976561074,22.514094710528855,-37.00267472633599
2001-09-20,18.590154663073925,-48.93009971512046,23.66895995612319,-36.535786137314695
2001-09-21,20.401543626251975,-47.55239247058783,23.23464751620422,-36.872502419897
2001-09-22,20.081126305675447,-45.16651770312996,23.01613131164429,-36.812823197253415
2001-09-23,20.53589996675004,-45.13409420592813,24.12392302006497,-35.09158124577929
2001-09-24,21.915592278241014,-45.479634923161676,24.20804799358914,-34.522996717481945
2001-09-25,20.380690069456158,-45.2854103236253,25.747382432021332,-35.112494500666045
2001-09-26,20.334974720856398,-45.31530708627539,27.02409493473779,-33.41057633738319
2001-09-27,18.599885270134383,-45.547296133864805,26.046673918221103,-32.5687120668605
2001-09-28,19.462215817571256,-46.29216475699505,26.248115856863762,-31.56809250636719
2001-09-29,19.351243103565192,-47.3342672254891,26.502387000762493,-31.38030541862653
2001-09-30,19.24448364243671,-47.402774372588404,26.029772604499488,-32.1359413435119
2001-10-01,18.461170007922178,-45.88219052702974,26.038211001229737,-31.484906474407058
2001-10-02,18.466317304852808,-47.36204384283327,26.528154928844362,-31.090109449119534
2001-10-03,18.854035828623754,-47.51319659049969,27.00506780942879,-30.75961357225542
2001-10-04,18.67629242506807,-47.83862951472192,26.43650652053914,-29.59126744300094
2001-10-05,18.61066208170215,-47.7817699337152,27.311727625604696,-29.86732684362113
2001-10-06,18.46641957142795,-47.54522311365103,26.140592747500015,-29.569861258497045
2001-10-07,17.027634129522177,-48.24866658191476,26.95333676150729,-30.34312946340652
2001-10-08,17.618123167286402,-48.09430888155676,26.486369204538924,-29.834859944954136
2001-10-09,18.530968739909568,-48.53396373270877,26.7040114183106,-29.770443745152548
2001-10-10,18.51681146084135,-49.183976838807794,26.68054315184526,-30.056180984058493
2001-10-11,18.442736106497332,-48.87993156638107,25.952348634740023,-30.789541453895445
2001-10-12,20.92087095115676,-49.15431616213786,27.42849631945031,-31.29447563945167
2001-10-13,21.45029973095653,-49.960260595519465,28.873914959877652,-30.684910792378354
2001-10-14,21.06677014476164,-51.59208585594334,27.217397667971262,-30.996128152743285
2001-10-15,21.190475081207968,-49.93601714087235,27.24117084790572,-31.7269839384571
2001-10-16,20.462211677417315,-49.935098373388605,26.83509533464897,-31.16445843965504
2001-10-17,20.130468254856943,-48.82703299827151,26.312814637819983,-30.41316809772874
2001-10-18,20.14047436814372,-49.24972022380844,27.59661338501892,-28.40699376665006
2001-10-19,18.718728969621115,-49.00146441681414,26.465106783615337,-28.486384555862667
2001-10-20,18.226807570186075,-47.46069453556038,25.716057952497394,-27.10725305648505
2001-10-21,16.703744576002553,-46.66153289717113,25.203322937095766,-25.379253446417778
2001-10-22,17.283072865749617,-46.388277918795794,25.26042726996327,-24.56716495147214
2001-10-23,17.120994405474928,-46.11753225899343,25.84571601413849,-25.26691745942425
2001-10-24,15.581361025288713,-45.37982418109935,26.72621151906252,-23.864073081127344
2001-10-25,17.346473275234185,-45.93388111585774,26.173806959677066,-23.979881202650166
2001-10-26,15.921280479528484,-47.261808495870085,26.00668781307502,-23.074244535603537
2001-10-27,16.81964964820836,-47.867899207122086,25.192953347017983,-22.688181538016373
2001-10-28,17.163890835502166,-49.774804941048586,24.06325352498129,-23.61833434403428
2001-10-29,18.008484462310932,-51.07896659972506,25.62502223899673,-23.594556166256005
2001-10-30,15.708024682317529,-49.86884152198623,25.410771553844096,-23.75772195061853
2001-10-31,15.156719683854059,-50.119898832834004,26.583249582072025,-24.541272686310307
2001-11-01,15.170676728622922,-49.45942511514282,26.07077324356163,-24.625360382560668
2001-11-02,15.191771269599524,-48.889876524467134,24.97940494952115,-24.673398102013895
2001-11-03,13.724381077948316,-48.50282440779803,25.47243906098107,-25.670470183037207
2001-11-04,12.987155097187474,-48.636825526451055,26.195337194242235,-26.386715819081886
2001-11-05,13.348893268455708,-50.46325241459068,27.281436034618206,-27.29737929285992
2001-11-06,12.051374962160383,-51.08456595939396,26.85473898221242,-28.481927875744947
2001-11-07,11.397119356485405,-50.57913814183038,26.06732009916413,-28.0307068521307
2001-11-08,12.111421540414106,-51.07656807253053,27.810645051165185,-28.733945018295785
2001-11-09,12.597108590444474,-51.42908318269727,26.85645219862511,-29.468617936228856
2001-11-10,14.326232465960693,-53.29444836165962,27.716360705565418,-29.95132335768879
2001-11-11,14.840266194144139,-53.00801073050495,28.21582966840459,-29.76482490829889
2001-11-12,16.095871526422016,-52.33783481520725,27.360634567712754,-30.82729352971954
2001-11-13,16.836636624693938,-53.593515216287,25.073704140651273,-31.22075448496189
2001-11-14,16.825944728809585,-54.80861710302289,24.028797204325524,-31.351276715277354
2001-11-15,16.07039751411852,-55.68286408023723,25.582824288047934,-30.601345709355407
2001-11-16,15.484839421002388,-54.436951611407125,24.495032602825166,-29.42774332700477
2001-11-17,15.883683138441391,-54.02925745468757,25.688317252399642,-29.588210234190985
2001-11-18,15.032352369743922,-55.96875043216234,25.268273177706206,-29.97942597001739
2001-11-19,15.019361863398627,-58.05702462207169,25.15377627053116,-29.396056677609298
2001-11-20,13.252305064735722,-59.378557741099655,24.873069085607902,-30.308072978361814
2001-11-21,12.234267792584006,-59.635748170231615,25.460913315736587,-30.39796778456774
2001-11-22,11.408719819499595,-59.649669389498904,24.070954797787607,-30.3072479540208
2001-11-23,10.09396852574144,-58.840329499968114,23.468195660913132,-31.193575817416264
2001-11-24,10.157277035858147,-57.89914030754802,26.539989621196014,-31.371096360669956
2001-11-25,7.839899961541965,-58.87760281271622,25.942377286774384,-32.18125211238954
2001-11-26,7.286566161660101,-59.67949479254979,27.887556725254594,-33.35143329842156
2001-11-27,7.846181509704346,-60.50680023363919,27.42095303123523,-33.57116809457974
2001-11-28,8.127365467859072,-62.39287116237692,26.838541030635167,-34.25125785044657
2001-11-29,8.630288530101183,-60.85401484468438,26.093454275837583,-35.36860632414098
2001-11-30,8.338636212524234,-61.20453996936487,27.531694981580923,-35.50243649233185
2001-12-01,8.292685613103094,-60.032942471895396,28.193200597827936,-35.2712844455491
2001-12-02,7.983824823328713,-60.31320289334449,28.006941189023966,-36.28181759937142
2001-12-03,8.15485906504518,-60.168314511156744,28.20331955508538,-34.79173825601835
2001-12-04,6.579961948838812,-60.963353389803984,27.743505586726087,-34.45510786864194
2001-12-05,6.533119090148527,-61.40708768586338,27.52296959213271,-34.27211756567372
2001-12-06,6.999551264434407,-60.31078570793821,28.562628568277155,-34.370024982593094
2001-12-07,6.333482234173288,-60.37336328005568,28.633968243170393,-34.545650065618354
2001-12-08,5.201066062003676,-59.44016372184174,27.328711073083017,-35.10917479531046
2001-12-09,4.640888540479188,-60.978385497843966,26.50018137014688,-35.52698147714249
2001-12-10,4.888412741961135,-60.42115450504499,26.183751613335343,-36.13821687843162
2001-12-11,4.96374816990042,-59.36941699009339,24.176625197048967,-36.69483928786869
2001-12-12,4.71674408101929,-58.864182290934934,22.424246708144448,-34.273493623462116
2001-12-13,6.114566760358743,-59.20847205492434,21.539221627091415,-32.25734220660659
2001-12-14,8.165907499477662,-57.83750376625025,20.772085835763782,-31.262152129872728
2001-12-15,10.084001529601464,-58.12418150573693,21.065869347132832,-29.815471388352094
2001-12-16,10.083450377995755,-58.269545549291784,21.001952214762717,-30.68911261402081
2001-12-17,9.64035760696496,-58.04931953276563,21.622556892719807,-30.952484799710483
2001-12-18,11.65032069382653,-57.25324256450003,23.14426784256088,-32.235527693809246
2001-12-19,11.935697324327393,-56.0084262338629,23.83348949532782,-31.528409015847693
2001-12-20,10.053007669574079,-56.597248063624995,23.24647820887795,-31.54903219028864
2001-12-21,8.87617991301374,-57.15274363052067,24.202330260956654,-32.594134303551066
2001-12-22,8.665519424270816,-56.92592394107905,26.630982897609744,-33.596092751323
2001-12-23,10.379745567800345,-56.42206839123448,25.180862833689698,-32.92915351948808
2001-12-24,11.488723550399222,-56.53172846687276,25.398108453883168,-33.56914099733134
2001-12-25,11.55365298923064,-57.52181203180441,25.612779983510165,-34.62503170089524
2001-12-26,9.674832323667099,-56.14586061215357,25.32902531280426,-33.09621662850876
2001-12-27,9.736418229964288,-56.09029902238727,25.505225001817298,-33.185653360127
2001-12-28,10.024645913041814,-55.24870778536268,26.188947581935373,-32.15481042340344
2001-12-29,11.058003051243436,-54.545006303500166,26.946708233166106,-32.40909602793106
2001-12-30,10.042096097257192,-55.04490644454678,26.369119310012117,-32.656103962937905
2001-12-31,10.328128769869872,-55.111679534597265,26.707513643819013,-33.11501207545659
2002-01-01,9.674697176113979,-55.18099926987029,28.268808901354657,-32.36309284060625
2002-01-02,9.790438607756053,-54.03535146730851,29.027388056152734,-31.132022851807733
2002-01-03,10.095604804444394,-53.16273247768245,28.00214717928041,-30.322641726511772
2002-01-04,10.673095169863537,-54.389971248203565,26.01986522297858,-29.80320024148995
2002-01-05,11.263919144769053,-53.372273574191915,26.83950285696558,-29.427764665249576
2002-01-06,11.353737290672713,-54.417060805844386,27.08416440711489,-29.432869097947627
2002-01-07,9.710856204226577,-52.35235137890003,27.387834484975098,-29.097994676723587
2002-01-08,9.811673102546438,-53.787266043023436,29.77171869050606,-29.049298007862703
2002-01-09,8.961085487625787,-54.80117743169324,30.439720998343933,-29.346313693142417
2002-01-10,9.520630064862905,-55.409583980636356,30.494952774484645,-28.845898550213498
2002-01-11,9.805896807841792,-53.656379237138275,30.47207518879376,-27.89647231144224
2002-01-12,8.616118617675712,-54.56236644185129,32.76421251122429,-29.304218346796205
2002-01-13,8.631205927680938,-54.10097316829212,33.4769807331756,-29.01616437532807
2002-01-14,8.707939438591316,-55.25660082079303,34.388752410999636,-27.53119256563807
2002-01-15,9.725470627853632,-54.774530906436055,34.13409807843244,-28.242968105663486
2002-01-16,8.935766513586291,-53.55601445083219,32.82834987478998,-28.583255216424565
2002-01-17,9.138218758760566,-53.641532115043645,30.3146605548103,-29.37607179894222
2002-01-18,9.584608250188762,-54.20380321661829,29.661122447532005,-29.103493810909903
2002-01-19,10.132921147760946,-53.942088556722624,30.207831472200162,-29.50228157972279
2002-01-20,10.729835777407965,-52.722530341155654,28.23468707392704,-28.084559228039794
2002-01-21,11.10903601408753,-52.87613328467347,29.654962443339297,-29.947543501920727
2002-01-22,11.520776693698892,-55.04245050881637,30.070689548502735,-28.626647200461516
2002-01-23,12.957017023078023,-54.36648148695329,30.220062670263733,-29.343896297048552
2002-01-24,14.368906119739341,-54.59411551064384,29.468720225383624,-28.32217459782336
2002-01-25,16.94378492607637,-56.422745652623746,29.012466550545472,-28.976680412469012
2002-01-26,16.17932843577899,-55.54425828079796,29.990840055641566,-29.611953751177673
2002-01-27,16.277540063561755,-55.85500974653706,29.410685631232067,-30.385796565137756
2002-01-28,16.284060595501675,-55.23455073354831,29.19262143460559,-30.68432803759566
2002-01-29,14.81241575068829,-53.27133731149771,30.34371642013084,-31.36755807836207
2002-01-30,14.964101298607417,-53.850801455882646,30.008846551089732,-30.835880947616246
2002-01-31,15.259856700541732,-54.685303487069575,30.60533299604499,-30.624126494293414
2002-02-01,13.431525380576389,-54.21310098081114,30.24028554496042,-32.080512531564224
2002-02-02,13.18342968641319,-53.67637294777787,30.49112653918792,-32.76544157994704
2002-02-03,13.294735433325375,-54.612536655504606,29.403834523519528,-32.166250002005725
2002-02-04,14.538199681228921,-55.060838442657214,30.291420688479587,-32.83183341510792
2002-02-05,15.24611849692739,-54.77179486626508,31.250251187460773,-31.674131375086994
2002-02-06,13.929024711219949,-54.69341833772363,30.86698753223364,-32.06973619656423
2002-02-07,14.858105429390516,-54.894992810620586,31.09278602588252,-31.56163780865754
2002-02-08,14.702923824364394,-54.453662126320516,32.00149743181376,-33.51233294899391
2002-02-09,16.449130724705327,-54.813108068711365,31.73892625253393,-34.33439129518824
2002-02-10,15.946953301190717,-53.177742624797915,30.91793282797103,-35.102680551624836
2002-02-11,14.359671393755377,-52.83261873082114,28.923526347450487,-34.71249291627621
2002-02-12,13.412062774129394,-53.54886206355958,28.83070208398346,-35.42874113941977
2002-02-13,14.446045939874637,-54.20336807534313,29.53265366012502,-36.918122925555835
2002-02-14,15.194783851308273,-54.39135071044938,29.743045358139405,-36.643624790077105
2002-02-15,16.21471935848198,-55.615389696783154,30.22933528239418,-36.24970706967069
2002-02-16,16.906518001103866,-55.326155965235564,28.826960885132472,-38.77409607391387
2002-02-17,16.56924889771065,-57.51805317545428,28.670263037159657,-38.8320475914738
2002-02-18,15.346469999324622,-58.14520379321231,28.05088189081897,-37.489335707267685
2002-02-19,14.299026589835849,-58.00292692168858,27.471922717314758,-38.1967338321271
2002-02-20,13.65031585231579,-60.59920820136833,27.351367184039685,-40.09809433373504
2002-02-21,14.133356602107803,-60.44978447926607,26.41269495170094,-40.38831957786185
2002-02-22,14.993566373296014,-59.726438005261436,24.79031840527652,-41.36101992890635
2002-02-23,15.437612508873263,-59.88673818496246,23.778900988534737,-41.58850280703998
2002-02-24,15.514411743635616,-59.07532111575365,24.568366886464972,-44.111310365965416
2002-02-25,15.780557109623064,-58.16309453820822,24.077463526179656,-44.7726375703828
2002-02-26,16.688243175832483,-59.646776781854996,22.58884875848993,-45.336285365276325
2002-02-27,15.375707072671966,-59.5695313282722,25.613661062847356,-46.64320537987282
2002-02-28,15.834772019289716,-59.50794206556929,26.294408288168476,-47.47660993147621
2002-03-01,15.448643762692104,-59.654465248089515,27.408939033959015,-47.36663886081567
2002-03-02,15.441910700915878,-59.1127017557385,27.297801998424607,-45.484832888660335
2002-03-03,14.69384802426012,-58.773420135505475,27.516362732292247,-47.66941925774487
2002-03-04,15.549255271854673,-57.496220933942126,27.57989693839263,-46.90029398838593
2002-03-05,15.260752884579833,-57.38359257723604,27.142317670668803,-46.30214877781784
2002-03-06,15.625454472693404,-58.08522015785947,25.452079040245692,-46.81488699623746
2002-03-07,16.652960338769162,-57.19609189194881,25.345647772854573,-47.33264239522132
2002-03-08,15.54232425876528,-56.784205598413294,26.46084036431578,-48.37568987309824
2002-03-09,15.425108858656117,-57.12982461861456,25.47647237336353,-48.2346753001929
2002-03-10,12.758187323743266,-57.154590338346985,24.724470927682972,-49.91892176883751
2002-03-11,13.696740257786528,-57.09931885207481,23.5996548414175,-50.29813875193412
2002-03-12,12.392723042751646,-58.7178326248672,23.79782570797323,-49.98996669321605
2002-03-13,11.68511101364549,-59.10319270078483,22.854135646273562,-51.52292755629786
2002-03-14,12.474366695495885,-60.357004256657355,24.076916725494815,-51.074566530837004
2002-03-15,11.661265905219922,-61.01556316719491,23.886109723844026,-50.83773836326003
2002-03-16,12.553943707683663,-62.38983150427412,22.802615842695683,-51.24166110044006
2002-03-17,10.97733814484678,-61.40187142777458,23.727152102209438,-51.89893437061182
2002-03-18,11.531871956671264,-60.00610583992057,23.694714177763927,-54.05468885789393
2002-03-19,11.842418244296224,-60.703814343518275,23.43547083860591,-55.41988382486654
2002-03-20,10.334366502858613,-61.39500374693922,24.40365479295513,-55.25861626937823
2002-03-21,10.977327341712082,-64.07091141033301,24.107173638253286,-56.62966322977048
2002-03-22,9.216641659767989,-63.295828575288915,23.523705831802907,-57.710131464226
2002-03-23,11.452851059253396,-62.069866055006884,22.435702719490696,-57.03116548575523
2002-03-24,8.784422022567362,-63.07191082837261,21.85659794732196,-57.15363668972861
2002-03-25,8.417579997819178,-63.841107770266454,23.263517995113517,-57.498731365852784
2002-03-26,6.096942646770033,-62.94185441432961,23.158213662245448,-57.57022739268538
2002-03-27,4.473418042866339,-63.50597356990549,23.316170745944117,-57.011585471739316
2002-03-28,4.075248970393121,-61.718147847316445,24.69229239110923,-56.899727880910646
2002-03-29,2.8626013369035643,-60.955541344111396,26.29140198348136,-54.902670202034
2002-03-30,1.9664337385323356,-58.741293104536076,25.918920126851283,-55.391436688611044
2002-03-31,2.2598327344898355,-59.40345938405046,26.726211984160162,-55.374667918525134
2002-04-01,3.4711874591063223,-58.362769566422934,26.998085048882675,-54.47872144330653
2002-04-02,5.7971175436739575,-58.23656221480801,27.42338391834278,-53.64291820757017
2002-04-03,5.474535733230759,-57.068813354054456,27.524292816106104,-53.7626436147937
2002-04-04,5.01585116896313,-57.35919283424179,27.625863984604187,-52.555455740523335
2002-04-05,4.326369364220406,-56.69772150402229,27.2028442968023,-52.91689056741136
2002-04-06,2.7858773583884404,-57.528231618572434,26.562153695128025,-52.14970280468744
2002-04-07,2.816363150138084,-55.48937707084599,25.593932500652446,-52.03276070692603
2002-04-08,3.3453996270802455,-55.19234038858557,26.627258317732142,-52.060695943219514
2002-04-09,4.426434971674394,-55.412620361026576,26.220356452391798,-54.100746629004874
2002-04-10,4.526235791241538,-56.747909752312914,26.58068733293749,-53.72234320926607
2002-04-11,4.615642262263855,-57.034858245809446,26.584304302084885,-54.208829057604056
2002-04-12,3.862461556213492,-56.58813181224149,27.672852572301483,-55.21025863022985
2002-04-13,2.8542729213518654,-56.9138826890967,25.30386300170258,-57.00701506015502
2002-04-14,1.7626010144890858,-58.71272244873416,25.04002775139062,-56.97605647891688
2002-04-15,1.6768459482632905,-60.65559030914741,26.013622986665347,-56.77567455726156
2002-04-16,0.9577278653121803,-60.94061550147892,25.50896364394588,-57.01317165717933
2002-04-17,0.7193230092229936,-59.89321319098235,26.376810998130672,-57.42781816322985
2002-04-18,1.440480683940572,-59.3945641555924,26.828803719289127,-58.49551471061018
2002-04-19,-0.7204564369802113,-59.83502117705799,27.386971257342495,-58.81695805510163
2002-04-20,0.9057983918218755,-60.55405567377353,27.819510185865955,-58.90963790011525
2002-04-21,-0.8483654635367457,-61.81542459248631,26.91507177542203,-59.29262720079581
2002-04-22,-2.375573965916492,-61.35656551831427,26.979775870307694,-59.87363012820368
2002-04-23,-2.517473816639796,-62.45515074756086,26.688478553037495,-59.62877449803002
2002-04-24,-2.291041150352989,-62.826087200150894,27.55778454321722,-56.96624524084402
2002-04-25,-2.6369673823457873,-62.973322593426225,28.300402215783496,-56.75927977800036
2002-04-26,-2.966388349494846,-62.46527811153246,27.987622550623936,-56.87718507164342
2002-04-27,-3.3833802561437363,-62.971540921063834,27.637481089738625,-57.4386754336734
2002-04-28,-2.898086425804908,-61.948397118033064,28.38678108857199,-57.458413237586655
2002-04-29,-4.875289189238684,-63.95966812199084,29.422273239574157,-57.39193729984613
2002-04-30,-5.37699615952239,-62.69148970575744,29.70434999702953,-57.82137930896439
2002-05-01,-5.345078345986096,-63.0942008239439,26.973099936138425,-58.86607657292182
2002-05-02,-4.903652512488251,-64.51461406185747,28.593169291482265,-61.65618544424528
2002-05-03,-2.745912049096663,-64.7631952524373,28.910468105786894,-62.87394504782874
2002-05-04,-3.318657498555562,-64.07171759832252,29.40700254630315,-63.95401577992247
2002-05-05,-2.064338698216475,-62.75294676199915,28.665125335656587,-65.10254988677924
2002-05-06,-2.205387122416885,-61.256752798191535,27.764682797792105,-65.62211227930182
2002-05-07,-0.6446852532789416,-60.6094085457659,27.619394124884682,-64.1718348070191
2002-05-08,-0.6288893508547339,-59.17454373366858,27.644150668328646,-64.70146118325123
2002-05-09,-1.6440172935593802,-59.77903438918363,27.800118397594822,-62.7192204849292
2002-05-10,-1.3854399482795459,-60.138910900694874,28.30457411170743,-65.03253212805602
2002-05-11,-2.5480616864663523,-61.70812446211617,28.431459107770586,-65.6286017044307
2002-05-12,-3.7560599290012435,-60.34107035078015,28.405079434372006,-66.72890829621196
2002-05-13,-4.109671512010121,-60.08322148800591,28.938834673401526,-65.90348901286752
2002-05-14,-3.736829770969012,-61.89725199438265,30.588133454940692,-67.16959005552887
2002-05-15,-3.8812550427703094,-60.87783038784076,29.605008787177894,-67.19136240116298
2002-05-16,-4.016759826017361,-60.10923284679313,29.492791119723243,-66.3847579828757
2002-05-17,-3.8084815522464863,-59.52089655549021,28.960632214543157,-65.01802130411838
2002-05-18,-2.435610571424742,-58.45931667216245,30.131160576242284,-64.91644709554524
2002-05-19,-1.3654101151037403,-58.648952946539694,30.00202743614782,-66.0420036455373
2002-05-20,-2.812729082287689,-60.4431157877145,29.479253628054668,-66.79174125664126
2002-05-21,-4.411376256164705,-60.2023582016238,30.01527275195329,-67.14470069978633
2002-05-22,-4.924294840769668,-60.94900990594555,29.347455067320464,-65.83118646233311
2002-05-23,-4.378041269295553,-62.4462598224602,31.947993333421802,-67.46784683928456
2002-05-24,-2.6538944738088865,-61.600701482603135,32.70627015221799,-65.15051983579154
2002-05-25,-2.8790187925317228,-61.10949741935933,32.787596146958684,-65.78516478953108
2002-05-26,-3.0071575594544067,-61.29249829789902,32.711570417706916,-65.03403877843836
2002-05-27,-4.314639270593535,-63.03651430890999,32.58951905522495,-64.49145673437935
2002-05-28,-4.271106217253327,-63.347724351125855,32.77568458286686,-63.04805622402506
2002-05-29,-4.385341929842428,-63.299474025914826,34.16905756556245,-62.68026502690936
2002-05-30,-6.253248079255364,-62.4909291571394,33.8821358751484,-62.87025673425456
2002-05-31,-5.0071918088228475,-62.34479334469123,34.734086886504,-62.481135585761415
2002-06-01,-5.467398707941844,-62.13316939979018,34.73903793547427,-60.99856223188035
2002-06-02,-5.3482878340094056,-61.16003433841934,35.190442717801695,-61.76728402209188
2002-06-03,-5.243663503189712,-61.00448333381456,35.22075316565286,-61.562292011566285
2002-06-04,-5.853784542282745,-59.96677028361714,37.38835232984561,-62.03701151829057
2002-06-05,-5.74818808310422,-60.215996212628866,36.8563579502581,-62.69896035686686
2002-06-06,-6.730019976325462,-59.213872722252795,37.24674628667807,-63.397278678672905
2002-06-07,-5.965492686718736,-58.6094793750965,37.073573573429904,-63.3156110018894
2002-06-08,-5.9148980674952805,-57.804939096160936,34.85269343531349,-61.703191083757915
2002-06-09,-7.2198782860053,-58.12184258477406,34.08645471995141,-62.099105759198025
2002-06-10,-5.986621162737006,-59.219251969116264,33.2788024888343,-59.842279282185025
2002-06-11,-7.216711937040497,-60.01109540105844,33.281641845645254,-59.34375181431175
2002-06-12,-7.977857079027965,-60.86844427160249,33.28580884528465,-58.28364359158887
2002-06-13,-7.006379090498512,-62.2873688024605,32.7246791289298,-57.09591170264365
2002-06-14,-5.370636585877831,-60.85255835035249,33.77774082695113,-56.478577149389764
2002-06-15,-8.745799635089034,-61.43796803848636,31.575793500516994,-56.52214316559977
2002-06-16,-8.691923579698354,-62.33537819750057,31.2161954626071,-57.131691822296965
2002-06-17,-7.420361743599367,-62.328497031013015,31.07031425310652,-57.406256546045555
2002-06-18,-7.01169397199546,-63.26992464270921,31.083421417094826,-57.26536420634622
2002-06-19,-8.466700503978558,-62.29615663013854,29.509301824756633,-56.53109659813938
2002-06-20,-8.712237916554434,-60.697838153306485,29.000814477516442,-55.09708644380989
2002-06-21,-10.163248705682898,-59.05931976213646,28.35925764571124,-54.49809958239391
2002-06-22,-9.077158536892032,-58.29956743655966,28.50364008768697,-54.62556161621261
2002-06-23,-8.955889418594758,-58.169697196968734,28.495508911292287,-54.011110657217465
2002-06-24,-8.256743121905155,-59.01171041420243,29.001123418507266,-53.38317787467176
2002-06-25,-7.457003116627672,-60.19936160295176,29.834969767056617,-52.69678793887059
2002-06-26,-7.965727304639009,-60.139050123893824,31.132593541583134,-54.46833585399179
2002-06-27,-8.555016338553777,-59.7903814319758,31.54115977862502,-53.88814980159793
2002-06-28,-7.732471439139569,-60.19895818137402,31.72879942618514,-55.134022475749525
2002-06-29,-8.331155834114012,-60.53938362082547,32.426613743918274,-56.01434423013638
2002-06-30,-9.820307375061564,-60.400451358971075,31.011453716276304,-56.005595522590845
2002-07-01,-10.134683538637335,-60.63999164069213,31.617802714445265,-55.97862213021988
2002-07-02,-11.324467036006121,-60.194089878677936,30.307038290677646,-53.9279435492773
2002-07-03,-9.567904404672959,-57.85737376506141,29.700665139229173,-54.036688278416925
2002-07-04,-9.627044859095758,-57.828354033469346,28.656712617811205,-54.99775300574019
2002-07-05,-9.467992264783318,-57.92765576851888,28.829894009011625,-56.55704250231346
2002-07-06,-10.154325600935987,-58.05644856732947,30.49086484655456,-57.51680607551835
2002-07-07,-10.843574528710343,-57.45795395737617,31.845470559409613,-56.30904734276168
2002-07-08,-10.700891355505714,-57.31774640246419,32.08649054282611,-57.889518478451706
2002-07-09,-11.17236385260969,-57.12842474711237,32.07517490259741,-59.04190024341417
2002-07-10,-9.90421876694726,-57.96088767564859,32.25908403362672,-59.23208969475394
2002-07-11,-11.430023591537012,-57.70201922073656,30.711855692195233,-57.6784959360807
2002-07-12,-8.760682031368956,-59.14089825840811,28.925227213218676,-57.5322925842781
2002-07-13,-7.781935627556326,-57.55219604673552,29.071025253355266,-56.907275229570025
2002-07-14,-6.7713660961571165,-58.259028974607176,28.40444418705738,-54.88457165151892
2002-07-15,-7.337026662052534,-60.03883942341699,28.569121418625706,-55.986828949872134
2002-07-16,-5.417844883159644,-60.85134113271022,29.346265410077418,-54.65062747953076
2002-07-17,-6.03829065826866,-60.519491357144695,30.043285304632906,-54.31437039357458
2002-07-18,-6.57310594530254,-60.43795950381158,29.9789712718827,-54.188439942877544
2002-07-19,-6.4324554101271305,-59.16208086581943,30.367967511179796,-54.20261667461859
2002-07-20,-7.909702395190865,-58.33967536523253,28.449874116127816,-54.3673210769578
2002-07-21,-7.765984575927366,-56.58648774296574,28.0100977707142,-55.095716014725326
2002-07-22,-7.885099430429194,-57.803743675088775,27.69102332825099,-56.60422446125917
2002-07-23,-5.884159329745721,-56.16893552800773,28.199109967972632,-55.3000693902642
2002-07-24,-6.829431165988227,-57.3345831237096,29.211042303539745,-55.385175963234126
2002-07-25,-6.683987978405543,-57.093170054019055,28.893944414429022,-56.134069853479836
2002-07-26,-6.85480508004207,-56.260988614040905,30.997331857994492,-56.610217020755606
2002-07-27,-7.823217260350367,-54.79463920707584,30.321774818512772,-54.55385011453388
2002-07-28,-7.4957513680741386,-53.18010321038843,30.872499784410635,-54.629667102017585
2002-07-29,-7.6554433631583905,-54.5750563271732,29.945353364321964,-54.07318338441245
2002-07-30,-7.989533885619716,-55.30062192044227,30.25752662818858,-55.74032319861965
2002-07-31,-6.7482866328509905,-54.84626563610857,29.652766601873086,-55.41537011536272
2002-08-01,-9.398485955840204,-54.77709145233064,29.0902513685499,-55.7456734794142
2002-08-02,-8.379765428612584,-53.691627021807264,29.68734729455027,-54.97770902337134
2002-08-03,-9.349161448153502,-54.21600750881408,29.73809060546552,-57.122025430779104
2002-08-04,-8.984710469108471,-54.85336001070545,30.509653065317153,-57.92868664765824
2002-08-05,-9.660378962375141,-53.37655154704131,30.37244496937397,-56.24049069057618
2002-08-06,-8.577712588201994,-53.592200560552364,29.05334202165392,-56.55867539673187
2002-08-07,-8.412915284173003,-53.49591476747302,27.184136584885586,-55.82518985235008
2002-08-08,-9.628729464500722,-53.94419002266303,27.037022044770328,-54.88483346440117
2002-08-09,-8.543678521559917,-54.99580768653646,25.738825016407503,-55.05162361226808
2002-08-10,-7.433180965071997,-55.660752204883885,25.44292317531636,-56.38033002867114
2002-08-11,-5.7317845493625015,-56.39804579638709,24.838487422997147,-54.249892086228805
2002-08-12,-4.294161079321722,-55.228129699916444,23.53219386409564,-54.584326956655474
2002-08-13,-5.037822161521058,-55.869348710144386,25.926730637201768,-55.64344924903963
2002-08-14,-4.913806515116094,-56.22629289866689,26.26046998372559,-57.206488563734716
2002-08-15,-4.920923540654585,-54.89620068265039,26.786866405837397,-57.35057648081701
2002-08-16,-4.470200991125408,-54.45972040270604,26.913139761495348,-58.936262961439745
2002-08-17,-5.30432363173656,-53.74975838893419,26.924922754572062,-58.130718661813034
2002-08-18,-5.9767333119450115,-52.95491090968356,27.69013067736012,-57.1742952222058
2002-08-19,-6.101353477765598,-53.319489000515496,28.33498540661777,-55.82686026464629
2002-08-20,-6.3068319323912165,-53.51633586817273,27.607800512756647,-56.29935872079278
2002-08-21,-7.219249437138609,-53.528211344097514,26.62439132280768,-55.79920621038571
2002-08-22,-4.87945061065969,-52.902832511823654,26.07030309064991,-55.343107346624485
2002-08-23,-4.388453264440571,-51.33321533723877,26.777497949862646,-53.72757004598428
2002-08-24,-3.2010453767739495,-50.27834157500939,26.308510216420984,-53.97913029209754
2002-08-25,-3.2603018206355885,-51.518739215935426,27.279077898816105,-53.555247381083824
2002-08-26,-2.4647213648779265,-51.72441903291303,27.34276529617549,-53.724100882228235
2002-08-27,-2.920353747605515,-51.69340119497798,26.2609849763675,-54.12945413259409
2002-08-28,-1.7928326071721332,-51.156212815245524,26.319810196956645,-53.913219348489946
2002-08-29,-1.279724803535267,-51.232899349107186,26.149397518847934,-54.943602753262724
2002-08-30,-1.6777247658310463,-50.99426219335359,27.06085339136971,-53.98320023599819
2002-08-31,-0.8350948206996217,-50.69958163000383,26.52502003793932,-51.76680499232131
2002-09-01,-2.238662724884165,-50.99829738473606,25.931471351650224,-51.65619207377292
2002-09-02,-2.44290717242372,-51.88323543487124,26.419812712007822,-49.907262976722805
2002-09-03,-1.6081212334468225,-54.290688479028404,27.477551959914372,-50.737647148131416
2002-09-04,-2.2837466560610653,-54.345272634153176,27.305278435618575,-50.06795046374421
2002-09-05,-2.447405919671048,-51.377546613273196,29.00408999891495,-49.205920754320196
2002-09-06,-3.2871311502642406,-50.266947656022296,28.16246870756654,-49.507169218766535
2002-09-07,-3.279399741016485,-52.14967572053878,28.792297837279833,-50.47791936055513
2002-09-08,-2.175775386417043,-52.70730395085253,27.907958730810257,-49.697923080750236
2002-09-09,-3.0077928335390776,-51.425445963727135,28.615806037666715,-49.59441413954023
2002-09-10,-3.402914029709613,-51.13729179705794,28.928008330394224,-50.10648898965415
2002-09-11,-5.414934494651636,-51.22356564387728,30.552416724982837,-52.96080503639881
2002-09-12,-5.204871466214929,-51.589858276333224,31.84299009750166,-54.40149346320255
2002-09-13,-6.080609446963075,-50.90993372770186,32.24433730386244,-53.69397979592565
2002-09-14,-6.885263383985816,-52.43420180797797,32.413724855170734,-54.66353511414918
2002-09-15,-5.265499958851208,-52.45570239531596,32.51411009324318,-55.272904279514165
2002-09-16,-4.729493133250834,-51.59728724455438,32.28565562402211,-55.311011879719665
2002-09-17,-4.745735804118171,-53.95144464894294,33.731799694937905,-55.93726690268564
2002-09-18,-4.83668378129375,-52.804248023368814,33.13193155352041,-57.525072066281396
2002-09-19,-3.4101238204498916,-52.803558557356816,33.17422191937899,-57.31825412265564
2002-09-20,-1.7751644003655493,-54.61094376121721,31.703911108027192,-56.19778069330309
2002-09-21,-2.983513484084712,-55.20422108309026,30.343805111129406,-54.948778357823365
2002-09-22,-2.3292820985832727,-55.412909324582266,31.494278960858054,-54.35679583218767
2002-09-23,-1.7908199203400628,-56.896872822039136,31.403468781484268,-57.42478107030933
2002-09-24,-0.9244765657259418,-56.136061724238346,31.14210065590325,-56.662016194007535
2002-09-25,-1.898748781298342,-55.1827062050934,31.150204691696633,-57.228623823687144
2002-09-26,-0.27700265106563715,-54.60312885522631,31.913855360804195,-58.16586207767052
